song_id,title,artist,genre,mood
song_0001,Perhaps behavior cultural,Kayla Brennan,Pop,Happy
song_0002,Couple win ten,Lisa Peterson,Jazz,Sad
song_0003,Reach wind,Joseph Gallegos,Rock,Sad
song_0004,Above stay our,Andrew Frye,Pop,Happy
song_0005,Past appear,Bruce Sanders,Classical,Chill
song_0006,Only white special,Jennifer Jones,Pop,Happy
song_0007,Same owner,Alyssa Pena,Pop,Sad
song_0008,Collection everybody we,Michael Vasquez,Rock,Happy
song_0009,We major with girl,Nancy Castillo,Classical,Sad
song_0010,Building management,Heather Sullivan,Classical,Chill
song_0011,Daughter house on,Chad Scott,Rock,Chill
song_0012,Together guess,Michelle Flowers,Classical,Energetic
song_0013,Drug its note,Kevin Garcia,Pop,Sad
song_0014,Speak support,Sara Harrison,Hip-Hop,Energetic
song_0015,Spend discover civil,Tracy Richardson,Jazz,Sad
song_0016,Participant policy,Monica Miller,Rock,Energetic
song_0017,Water lay,Dr. Lindsey Taylor,Pop,Happy
song_0018,Generation development,Marissa Scott,Hip-Hop,Happy
song_0019,Easy worker,Chad Oneal,Jazz,Energetic
song_0020,Collection former,James Gonzalez,Classical,Energetic
song_0021,Bar parent clearly board,Frank Smith MD,Pop,Chill
song_0022,Trouble environmental again,Jeremy Singh,Classical,Happy
song_0023,Dinner career,Matthew Villa,Hip-Hop,Happy
song_0024,Whether candidate west,Dr. Stephanie Jackson,Classical,Energetic
song_0025,Peace,Andrea Holder,Classical,Energetic
song_0026,Wonder line,Jose Gonzalez,Classical,Sad
song_0027,Phone establish,Melissa Ramirez,Pop,Happy
song_0028,Painting end work why,Hannah Walker,Rock,Energetic
song_0029,Listen too fly,Chase Torres,Pop,Sad
song_0030,The data,Kimberly Hubbard,Pop,Chill
song_0031,Herself a hope magazine,Kimberly Peterson,Jazz,Chill
song_0032,Feel today official sometimes,James Gentry,Jazz,Sad
song_0033,Surface brother trial,Veronica Murphy DVM,Jazz,Energetic
song_0034,White red himself,Jeffrey Robinson MD,Rock,Energetic
song_0035,Teacher card policy,Stanley Tate,Pop,Sad
song_0036,News simply where,Shawn Jimenez,Classical,Sad
song_0037,Woman do challenge,Joseph Smith,Rock,Chill
song_0038,Western president,Amanda Moss,Hip-Hop,Energetic
song_0039,Another mention help tell,Justin Brown,Classical,Sad
song_0040,Easy lose,Jeffery Carlson,Jazz,Happy
song_0041,As score there,Robert Cooper,Rock,Happy
song_0042,Themselves together,Elizabeth Mason,Jazz,Chill
song_0043,Entire data him,Megan Cunningham,Jazz,Happy
song_0044,Direction father spring,Christopher Colon,Rock,Energetic
song_0045,Political rise,James Humphrey,Rock,Chill
song_0046,Hair other put threat,David Cunningham,Hip-Hop,Chill
song_0047,Wall use,Ronald Woods,Rock,Energetic
song_0048,Wide somebody,Sarah Jarvis,Rock,Sad
song_0049,Doctor security try,Sherri Daniels,Classical,Energetic
song_0050,Career base program,Melissa Abbott,Classical,Chill
song_0051,Able operation,Austin Lyons,Classical,Chill
song_0052,Clear because,Robert Rogers,Jazz,Sad
song_0053,Choose away,Monica Coleman,Rock,Chill
song_0054,They star,Valerie Daniel,Pop,Happy
song_0055,Force book,Andrew Hunter,Pop,Sad
song_0056,Style fight early,Robert Hunt,Rock,Chill
song_0057,Happen,Mr. Brian Peters,Classical,Happy
song_0058,Happy win,Justin Santiago,Hip-Hop,Chill
song_0059,Real finally,Adam Morgan,Classical,Chill
song_0060,Water behind focus,James Mendoza,Classical,Energetic
song_0061,Enjoy baby,Teresa King,Classical,Happy
song_0062,Much evening practice,Matthew Williams,Pop,Energetic
song_0063,Close table,Kimberly Ward,Jazz,Happy
song_0064,Article level,Jonathan Miller,Jazz,Chill
song_0065,Close fact training whether,David Frazier,Rock,Chill
song_0066,Offer candidate,Ashley Smith MD,Pop,Energetic
song_0067,History front interesting option,Nicholas Davis,Classical,Sad
song_0068,Material us tree,Hunter Barker,Classical,Happy
song_0069,President area,Justin Murray,Jazz,Sad
song_0070,Trial hope raise worry,Larry Weber,Rock,Energetic
song_0071,Structure protect,Bobby Mathis,Rock,Happy
song_0072,Chair someone debate,Jeremy Torres,Classical,Energetic
song_0073,Meeting rich,Melissa Solomon DDS,Hip-Hop,Happy
song_0074,Real soldier subject increase,Mr. Gregory Ochoa Jr.,Pop,Energetic
song_0075,Leg benefit game,Jeremy Torres,Jazz,Sad
song_0076,Red attention both,Hannah Stanley,Pop,Sad
song_0077,Science everyone person,Shawna Atkinson,Classical,Happy
song_0078,Sure worry question,Wendy Snyder,Pop,Chill
song_0079,Big imagine pressure,Alexandria Warner,Pop,Sad
song_0080,Everything response,Melissa Burns,Rock,Chill
song_0081,Reason six,Joel Navarro,Classical,Sad
song_0082,Billion have,Tammy Peterson,Jazz,Chill
song_0083,Ball get,Fernando Wu,Rock,Sad
song_0084,State former,Cody Jackson,Jazz,Chill
song_0085,Prepare alone court,Meagan Harris,Jazz,Chill
song_0086,Machine serve cultural,Sheila Peterson,Classical,Chill
song_0087,Case response professional,Cheryl Torres,Pop,Sad
song_0088,Evidence,Elizabeth Sampson,Rock,Happy
song_0089,Last point only,Maria Owens,Jazz,Happy
song_0090,Try someone,Susan Gibson,Classical,Sad
song_0091,As will,Randy Dunn,Classical,Sad
song_0092,Explain each half,Marcus Ayers,Pop,Happy
song_0093,Range artist life raise,Belinda Montgomery,Pop,Sad
song_0094,Plant probably laugh,Scott Montgomery,Pop,Happy
song_0095,This under view,Derrick Harris,Jazz,Happy
song_0096,Support best,Travis Butler,Classical,Sad
song_0097,Level best,Robin Johnston,Jazz,Chill
song_0098,Next lawyer federal,Jeremy Martin,Rock,Sad
song_0099,Soldier fast,Rhonda Martin,Classical,Chill
song_0100,Loss issue,Richard Adams,Rock,Chill
song_0101,Mother great,Terry Burton,Hip-Hop,Sad
song_0102,Center my end,John Watkins,Pop,Happy
song_0103,Former although field,Jennifer Carr,Hip-Hop,Energetic
song_0104,Cold sort far board,Erin Orr,Hip-Hop,Chill
song_0105,Simply speech,Denise Petersen,Hip-Hop,Happy
song_0106,Gas reason seem,Diane Charles,Pop,Happy
song_0107,Possible small important lay,Jennifer Jones,Hip-Hop,Energetic
song_0108,Message place young,Michael Robinson,Pop,Sad
song_0109,Member,Susan Lee,Rock,Sad
song_0110,Worry sell speak this,Barbara Barton,Classical,Chill
song_0111,Two reason concern,Amber Taylor,Rock,Chill
song_0112,Each their,Rachel Santos,Rock,Energetic
song_0113,Sort population since,Christine Leon,Hip-Hop,Sad
song_0114,Common carry,Ashley Allen,Pop,Chill
song_0115,Story game page,Joseph Robbins,Classical,Happy
song_0116,Government,Tammy Petersen,Pop,Happy
song_0117,Activity themselves standard,John Madden,Pop,Sad
song_0118,Nothing either concern,Amber Rodriguez,Rock,Chill
song_0119,Receive question,Christopher Scott,Hip-Hop,Chill
song_0120,Our century yet,Joseph Gill,Rock,Chill
song_0121,A agree,Julie Shelton,Pop,Sad
song_0122,Toward wait,Emily May,Hip-Hop,Happy
song_0123,Rise arm story,Sarah Klein DDS,Hip-Hop,Energetic
song_0124,He fast,Ronald Rodriguez,Hip-Hop,Energetic
song_0125,Painting program,Karen Fuller,Hip-Hop,Chill
song_0126,How western,Douglas Jones,Rock,Sad
song_0127,Together air,Diamond Gibson,Jazz,Sad
song_0128,Live call,Zachary Scott,Pop,Happy
song_0129,Item,Christina Lee,Jazz,Happy
song_0130,Against structure,Ian Castillo,Pop,Chill
song_0131,Pretty he long,Brian Moore,Classical,Sad
song_0132,Care,Norma Jenkins,Pop,Happy
song_0133,Cut or,Michael Walker,Rock,Happy
song_0134,Professor parent seven,John Guzman,Classical,Happy
song_0135,Response change large,Ronald Mosley,Rock,Chill
song_0136,On maintain,Angela Jimenez,Pop,Sad
song_0137,By join,Timothy Miller,Classical,Happy
song_0138,Outside education learn,Thomas Hart,Classical,Happy
song_0139,Compare themselves feeling,Richard Yu,Hip-Hop,Energetic
song_0140,Matter seat,Kendra Ramirez,Jazz,Sad
song_0141,Pretty allow push,Sarah Keller,Jazz,Sad
song_0142,Fall,Amanda Fleming,Jazz,Chill
song_0143,Friend,Tyler Elliott,Rock,Energetic
song_0144,Part five,Paula Lee,Hip-Hop,Energetic
song_0145,Left push well,George Rich,Pop,Happy
song_0146,Opportunity ok reality,David King,Hip-Hop,Happy
song_0147,Us provide bit,Miguel Foster,Pop,Sad
song_0148,Senior lead,Kelly Martin,Classical,Energetic
song_0149,Continue bring again,Heather Fowler,Rock,Energetic
song_0150,Subject serious,Paul Hurst,Pop,Sad
song_0151,Occur figure common,Alexander Farmer,Jazz,Energetic
song_0152,Area myself bill,Aaron Boone,Rock,Chill
song_0153,Wife before toward manage,Joseph Walker,Classical,Energetic
song_0154,Tend bank series,Frank Weber,Classical,Happy
song_0155,Teacher reality stage,John Rodriguez,Classical,Energetic
song_0156,Participant,Christopher Rodriguez,Pop,Sad
song_0157,Exactly once scene,Zachary Cantu,Jazz,Happy
song_0158,Push east,Lindsey Morgan,Pop,Sad
song_0159,Policy method lead,Maria Long,Jazz,Energetic
song_0160,Later experience tonight,Andrea King,Classical,Sad
song_0161,Season through manage,Rhonda Walters,Jazz,Sad
song_0162,Foot collection great,Jeremy Martin,Jazz,Chill
song_0163,No recent,James Scott,Jazz,Happy
song_0164,Rate himself,Jay Williams,Pop,Chill
song_0165,Seem near,Kristine Jones,Jazz,Happy
song_0166,Senior after,Laurie Terrell,Pop,Energetic
song_0167,Color recognize,Mr. Erik Ballard Jr.,Rock,Energetic
song_0168,Possible understand,Mary Davis,Rock,Chill
song_0169,Soldier Congress,Jose Butler,Classical,Chill
song_0170,Show establish look include,Claudia Wheeler,Classical,Happy
song_0171,Not large,Joel Jones,Pop,Happy
song_0172,Performance kitchen later,Jeffrey Stein,Rock,Happy
song_0173,Police box hospital know,Teresa Shea,Jazz,Sad
song_0174,Cut tough,Ashley Cole,Hip-Hop,Sad
song_0175,Other soldier field staff,Stephanie Harris,Pop,Energetic
song_0176,Themselves explain,David Thompson,Jazz,Happy
song_0177,Especially pull actually,Leah Herman,Jazz,Sad
song_0178,Let position,Laurie Thompson,Rock,Happy
song_0179,Discussion,Mark Hess,Jazz,Chill
song_0180,Mission also stay,Mrs. Stephanie Clark,Classical,Sad
song_0181,Second hand right wind,Daniel Myers,Rock,Sad
song_0182,Painting sort Democrat,Sara Flowers DVM,Rock,Chill
song_0183,State people camera,Scott Jenkins,Pop,Sad
song_0184,Boy star else,John Pham,Jazz,Chill
song_0185,Imagine science fear,Cynthia Ball,Rock,Energetic
song_0186,Energy lay,Abigail Simpson,Rock,Happy
song_0187,Move since,Dr. Jeremiah Duran,Hip-Hop,Happy
song_0188,Action local,Melody Reyes,Hip-Hop,Sad
song_0189,Television stop,Nicole Maddox,Rock,Chill
song_0190,Affect decade material,Frank Hernandez,Jazz,Energetic
song_0191,Two spend,Lance Johnson,Rock,Sad
song_0192,Late deal home,Jesse Ward,Pop,Sad
song_0193,Firm water,Brian Lopez,Hip-Hop,Energetic
song_0194,Tonight upon last,William Murphy,Jazz,Happy
song_0195,Exist ten throw relationship,Timothy Hernandez,Jazz,Energetic
song_0196,Other very step,Daniel Cochran,Classical,Chill
song_0197,Window ready,Thomas Lloyd,Classical,Energetic
song_0198,Great ago,Jonathan Alvarez,Pop,Happy
song_0199,Pass community cup,Michelle Gilbert,Jazz,Sad
song_0200,Past up process,Beth Perry,Classical,Energetic
